{
	"variables": [],
	"info": {
		"name": "MusicManagements",
		"_postman_id": "14db2e0f-feaf-fce4-d877-8b413d05f965",
		"description": "",
		"schema": "https://schema.getpostman.com/json/collection/v2.0.0/collection.json"
	},
	"item": [
		{
			"name": "GeneroMusical",
			"description": "",
			"item": [
				{
					"name": "GeneroMusicalListado",
					"request": {
						"url": "https://localhost:44378/api/generos/listado",
						"method": "GET",
						"header": [],
						"body": {
							"mode": "raw",
							"raw": ""
						},
						"description": ""
					},
					"response": []
				},
				{
					"name": "GeneroMusicalAlta",
					"request": {
						"url": "https://localhost:44378/api/generos/alta",
						"method": "POST",
						"header": [],
						"body": {
							"mode": "raw",
							"raw": "\"test1\""
						},
						"description": ""
					},
					"response": []
				},
				{
					"name": "GeneroMusicalModificacion",
					"request": {
						"url": "https://localhost:44378/api/generos/modificacion",
						"method": "PUT",
						"header": [],
						"body": {
							"mode": "raw",
							"raw": "{\r\n    \"Id\": 2002,\r\n    \"genero\": \"test11\"\r\n}"
						},
						"description": ""
					},
					"response": []
				},
				{
					"name": "GeneroMusicalBaja",
					"request": {
						"url": "https://localhost:44378/api/generos/baja/2002",
						"method": "DELETE",
						"header": [],
						"body": {
							"mode": "raw",
							"raw": ""
						},
						"description": ""
					},
					"response": []
				}
			]
		},
		{
			"name": "Resenias",
			"description": "",
			"item": [
				{
					"name": "ReseniasListado",
					"request": {
						"url": "https://localhost:44378/api/resenias/listado",
						"method": "GET",
						"header": [],
						"body": {
							"mode": "raw",
							"raw": ""
						},
						"description": ""
					},
					"response": []
				},
				{
					"name": "ReseniaAlta-banda",
					"request": {
						"url": "https://localhost:44378/api/resenias/alta",
						"method": "POST",
						"header": [],
						"body": {
							"mode": "raw",
							"raw": "{\r\n    \"Puntaje\": 10,\r\n    \"Resenia\": \"Muy buena banda!\",\r\n    \"BandaId\": 4,\r\n    \"UsuarioId\": 2\r\n}"
						},
						"description": ""
					},
					"response": []
				},
				{
					"name": "ReseniaModificacion",
					"request": {
						"url": "https://localhost:44378/api/resenias/modificacion",
						"method": "PUT",
						"header": [],
						"body": {
							"mode": "raw",
							"raw": "{\r\n    \"Id\": 8,\r\n    \"Puntaje\": 9,\r\n    \"Resenia\": \"Es genial!\",\r\n    \"BandaId\": 4,\r\n    \"UsuarioId\": 2\r\n}"
						},
						"description": ""
					},
					"response": []
				},
				{
					"name": "ReseniaBaja",
					"request": {
						"url": "https://localhost:44378/api/resenias/baja/10",
						"method": "DELETE",
						"header": [],
						"body": {
							"mode": "raw",
							"raw": ""
						},
						"description": ""
					},
					"response": []
				},
				{
					"name": "ReseniaAlta-Cancion",
					"request": {
						"url": "https://localhost:44378/api/resenias/alta",
						"method": "POST",
						"header": [],
						"body": {
							"mode": "raw",
							"raw": "{\r\n    \"Puntaje\": 9,\r\n    \"Resenia\": \"Muy buena Cancion!\",\r\n    \"CancionId\": 9,\r\n    \"UsuarioId\": 2\r\n}"
						},
						"description": ""
					},
					"response": []
				}
			]
		},
		{
			"name": "Integrantes",
			"description": "",
			"item": [
				{
					"name": "IntegrantesListado",
					"request": {
						"url": "https://localhost:44378/api/integrantes/listado",
						"method": "GET",
						"header": [],
						"body": {
							"mode": "raw",
							"raw": ""
						},
						"description": ""
					},
					"response": []
				},
				{
					"name": "IntegrantesObtener",
					"request": {
						"url": "https://localhost:44378/api/integrantes/obtener/1",
						"method": "GET",
						"header": [],
						"body": {
							"mode": "raw",
							"raw": ""
						},
						"description": ""
					},
					"response": []
				},
				{
					"name": "IntegrantesAlta",
					"request": {
						"url": "https://localhost:44378/api/integrantes/alta",
						"method": "POST",
						"header": [],
						"body": {
							"mode": "raw",
							"raw": "    {\r\n        \"FechaNacimiento\": \"1999-10-31T00:00:00\",\r\n        \"Foto\": \"\",\r\n        \"Persona\": {\r\n            \"Nombre\": \"Karina\",\r\n            \"Apellido\": \"LeBlac\",\r\n            \"Error\": null\r\n        },\r\n        \"BandaId\": 0,\r\n        \"Error\": null\r\n    }"
						},
						"description": ""
					},
					"response": []
				},
				{
					"name": "IntegrantesBaja",
					"request": {
						"url": "https://localhost:44378/api/integrantes/baja/1020",
						"method": "DELETE",
						"header": [],
						"body": {
							"mode": "raw",
							"raw": ""
						},
						"description": ""
					},
					"response": []
				},
				{
					"name": "IntegrantesModificacion",
					"request": {
						"url": "https://localhost:44378/api/integrantes/modificacion",
						"method": "PUT",
						"header": [],
						"body": {
							"mode": "raw",
							"raw": "    {\r\n        \"Id\": 1019,\r\n        \"FechaNacimiento\": \"1990-11-20T21:02:00\",\r\n        \"Foto\": \"FOTO 1\",\r\n        \"Persona\": {\r\n            \"Id\": 1011,\r\n            \"Nombre\": \"Karina\",\r\n            \"Apellido\": \"LeBlac\",\r\n            \"Error\": null\r\n        },\r\n        \"BandaId\": 0,\r\n        \"Error\": null\r\n    }"
						},
						"description": ""
					},
					"response": []
				}
			]
		},
		{
			"name": "Bandas",
			"description": "",
			"item": [
				{
					"name": "BandasListado",
					"request": {
						"url": "https://localhost:44378/api/bandas/listado",
						"method": "GET",
						"header": [],
						"body": {
							"mode": "raw",
							"raw": ""
						},
						"description": ""
					},
					"response": []
				},
				{
					"name": "BandasObtener",
					"request": {
						"url": "https://localhost:44378/api/bandas/obtener/4",
						"method": "GET",
						"header": [],
						"body": {
							"mode": "raw",
							"raw": ""
						},
						"description": ""
					},
					"response": []
				},
				{
					"name": "BandaAlta",
					"request": {
						"url": "https://localhost:44378/api/bandas/alta",
						"method": "POST",
						"header": [],
						"body": {
							"mode": "raw",
							"raw": "{\r\n        \"Nombre\": \"Banda test\",\r\n        \"AnioCreacion\": 2001,\r\n        \"AnioSeparacion\": 0,\r\n        \"Genero\": \"rockandroll\",\r\n        \"Integrantes\": [],\r\n        \"Error\": null\r\n    }"
						},
						"description": ""
					},
					"response": []
				},
				{
					"name": "BandaBaja",
					"request": {
						"url": "https://localhost:44378/api/bandas/baja/1002",
						"method": "DELETE",
						"header": [],
						"body": {
							"mode": "raw",
							"raw": ""
						},
						"description": ""
					},
					"response": []
				},
				{
					"name": "BandaModificacion",
					"request": {
						"url": "https://localhost:44378/api/bandas/modificacion",
						"method": "PUT",
						"header": [],
						"body": {
							"mode": "raw",
							"raw": "{\r\n    \"Id\": 1002,\r\n    \"Nombre\": \"Banda test\",\r\n    \"AnioCreacion\": 2010,\r\n    \"AnioSeparacion\": 2021,\r\n    \"Genero\": \"salsa\",\r\n    \"Integrantes\": [],\r\n    \"Error\": null\r\n}"
						},
						"description": ""
					},
					"response": []
				},
				{
					"name": "BandaIntegrantesListado",
					"request": {
						"url": "https://localhost:44378/api/bandas/obtenerIntegrantes/4",
						"method": "GET",
						"header": [],
						"body": {
							"mode": "raw",
							"raw": ""
						},
						"description": ""
					},
					"response": []
				},
				{
					"name": "BandaIntegranteAlta",
					"request": {
						"url": {
							"raw": "https://localhost:44378/api/bandas/altaIntegrante?BandaId=4&IntegranteId=2",
							"protocol": "https",
							"host": [
								"localhost"
							],
							"port": "44378",
							"path": [
								"api",
								"bandas",
								"altaIntegrante"
							],
							"query": [
								{
									"key": "BandaId",
									"value": "4"
								},
								{
									"key": "IntegranteId",
									"value": "2"
								}
							],
							"variable": []
						},
						"method": "POST",
						"header": [],
						"body": {
							"mode": "raw",
							"raw": ""
						},
						"description": ""
					},
					"response": []
				},
				{
					"name": "BandaAlbumesListado",
					"request": {
						"url": "https://localhost:44378/api/bandas/albumesListado/4",
						"method": "GET",
						"header": [],
						"body": {
							"mode": "raw",
							"raw": ""
						},
						"description": ""
					},
					"response": []
				}
			]
		},
		{
			"name": "Canciones",
			"description": "",
			"item": [
				{
					"name": "CancionesListado",
					"request": {
						"url": "https://localhost:44378/api/canciones/listado",
						"method": "GET",
						"header": [],
						"body": {
							"mode": "raw",
							"raw": ""
						},
						"description": ""
					},
					"response": []
				},
				{
					"name": "CancionesObtener",
					"request": {
						"url": "https://localhost:44378/api/canciones/obtener/20",
						"method": "GET",
						"header": [],
						"body": {
							"mode": "raw",
							"raw": ""
						},
						"description": ""
					},
					"response": []
				},
				{
					"name": "CancionAlta",
					"request": {
						"url": "https://localhost:44378/api/canciones/alta",
						"method": "POST",
						"header": [],
						"body": {
							"mode": "raw",
							"raw": "{\r\n    \"Nombre\": \"CancionTest\",\r\n    \"Duracion\": 3.5,\r\n    \"Anio\": 2021,\r\n    \"Dato\": \"\",\r\n    \"IntegranteId\": 5,\r\n    \"Genero\": \"salsa\",\r\n    \"Error\": null\r\n}"
						},
						"description": ""
					},
					"response": []
				},
				{
					"name": "CancionesBaja",
					"request": {
						"url": "https://localhost:44378/api/canciones/baja/1007",
						"method": "DELETE",
						"header": [],
						"body": {
							"mode": "raw",
							"raw": ""
						},
						"description": ""
					},
					"response": []
				},
				{
					"name": "CancionModificacion",
					"request": {
						"url": "https://localhost:44378/api/canciones/modificacion",
						"method": "PUT",
						"header": [],
						"body": {
							"mode": "raw",
							"raw": "{\r\n    \"Id\": 1007,\r\n    \"Nombre\": \"CancionTest\",\r\n    \"Duracion\": 3.8,\r\n    \"Anio\": 2020,\r\n    \"Dato\": \"FOTO\",\r\n    \"IntegranteId\": 5,\r\n    \"Genero\": \"salsa\",\r\n    \"Error\": null\r\n}"
						},
						"description": ""
					},
					"response": []
				}
			]
		},
		{
			"name": "Albumes",
			"description": "",
			"item": [
				{
					"name": "AlbumesListado",
					"request": {
						"url": "https://localhost:44378/api/albumes/listado",
						"method": "GET",
						"header": [],
						"body": {
							"mode": "raw",
							"raw": ""
						},
						"description": ""
					},
					"response": []
				},
				{
					"name": "AlbumesObtener",
					"request": {
						"url": "https://localhost:44378/api/albumes/obtener/5",
						"method": "GET",
						"header": [],
						"body": {
							"mode": "raw",
							"raw": ""
						},
						"description": ""
					},
					"response": []
				},
				{
					"name": "AlbumesAlta",
					"request": {
						"url": "https://localhost:44378/api/albumes/alta",
						"method": "POST",
						"header": [],
						"body": {
							"mode": "raw",
							"raw": "{\r\n    \"Nombre\": \"Album de test\",\r\n    \"AnioCreacion\": 2021,\r\n    \"Genero\": \"rockandroll\",\r\n    \"Banda\": {\r\n        \"Id\": 4,\r\n        \"Nombre\": \"Triple Nelson\",\r\n        \"AnioCreacion\": 2001,\r\n        \"AnioSeparacion\": 0,\r\n        \"Genero\": \"rockandroll\",\r\n        \"Integrantes\": [],\r\n        \"Error\": null\r\n    },\r\n    \"Canciones\": [],\r\n    \"Error\": null\r\n}"
						},
						"description": ""
					},
					"response": []
				},
				{
					"name": "AlbumesBaja",
					"request": {
						"url": "https://localhost:44378/api/albumes/baja/1003",
						"method": "DELETE",
						"header": [],
						"body": {
							"mode": "raw",
							"raw": ""
						},
						"description": ""
					},
					"response": []
				},
				{
					"name": "AlbumesModificacion",
					"request": {
						"url": "https://localhost:44378/api/albumes/modificacion",
						"method": "PUT",
						"header": [],
						"body": {
							"mode": "raw",
							"raw": "{\r\n    \"Id\": \"1003\",\r\n    \"Nombre\": \"Album de test 2\",\r\n    \"AnioCreacion\": 2020,\r\n    \"Genero\": \"salsa\",\r\n    \"Banda\": {\r\n        \"Id\": 4,\r\n        \"Nombre\": \"Triple Nelson\",\r\n        \"AnioCreacion\": 2001,\r\n        \"AnioSeparacion\": 0,\r\n        \"Genero\": \"rockandroll\",\r\n        \"Integrantes\": [],\r\n        \"Error\": null\r\n    },\r\n    \"Canciones\": [],\r\n    \"Error\": null\r\n}"
						},
						"description": ""
					},
					"response": []
				},
				{
					"name": "AlbumCancionesListado",
					"request": {
						"url": "https://localhost:44378/api/albumes/cancionesListado/6",
						"method": "GET",
						"header": [],
						"body": {
							"mode": "raw",
							"raw": ""
						},
						"description": ""
					},
					"response": []
				},
				{
					"name": "AlbumAltaCancion",
					"request": {
						"url": {
							"raw": "https://localhost:44378/api/albumes/altaCancionAlbum?AlbumId=6&CancionId=22",
							"protocol": "https",
							"host": [
								"localhost"
							],
							"port": "44378",
							"path": [
								"api",
								"albumes",
								"altaCancionAlbum"
							],
							"query": [
								{
									"key": "AlbumId",
									"value": "6"
								},
								{
									"key": "CancionId",
									"value": "22"
								}
							],
							"variable": []
						},
						"method": "POST",
						"header": [],
						"body": {
							"mode": "raw",
							"raw": ""
						},
						"description": ""
					},
					"response": []
				},
				{
					"name": "AlbumBajaCancion",
					"request": {
						"url": {
							"raw": "https://localhost:44378/api/albumes/bajaCancionAlbum?AlbumId=6&CancionId=22",
							"protocol": "https",
							"host": [
								"localhost"
							],
							"port": "44378",
							"path": [
								"api",
								"albumes",
								"bajaCancionAlbum"
							],
							"query": [
								{
									"key": "AlbumId",
									"value": "6"
								},
								{
									"key": "CancionId",
									"value": "22"
								}
							],
							"variable": []
						},
						"method": "DELETE",
						"header": [],
						"body": {
							"mode": "raw",
							"raw": ""
						},
						"description": ""
					},
					"response": []
				}
			]
		},
		{
			"name": "Usuarios",
			"description": "",
			"item": [
				{
					"name": "UsuarioAlta",
					"request": {
						"url": "https://localhost:44378/api/usuarios/alta",
						"method": "POST",
						"header": [
							{
								"key": "Content-Type",
								"value": "application/json",
								"description": ""
							}
						],
						"body": {
							"mode": "raw",
							"raw": "{\r\n    \"Id\": 0,\r\n    \"NombreUsuario\": \"user12345678\",\r\n    \"Contrasenia\": \"123455\",\r\n    \"Persona\": {\r\n        \"Id\": 0,\r\n        \"Nombre\": \"Cristian345\",\r\n        \"Apellido\": \"Cary3\",\r\n        \"Error\": null\r\n    },\r\n    \"Error\": null\r\n}"
						},
						"description": ""
					},
					"response": []
				},
				{
					"name": "UsuarioBaja",
					"request": {
						"url": "https://localhost:44378/api/usuarios/baja/user123",
						"method": "DELETE",
						"header": [],
						"body": {
							"mode": "raw",
							"raw": ""
						},
						"description": ""
					},
					"response": []
				},
				{
					"name": "UsuarioObtener",
					"request": {
						"url": "https://localhost:44378/api/usuarios/obtener/1",
						"method": "GET",
						"header": [],
						"body": {
							"mode": "raw",
							"raw": ""
						},
						"description": ""
					},
					"response": []
				},
				{
					"name": "UsuarioObtenerListado",
					"request": {
						"url": "https://localhost:44378/api/usuarios/listado",
						"method": "GET",
						"header": [],
						"body": {},
						"description": ""
					},
					"response": []
				},
				{
					"name": "login",
					"request": {
						"url": {
							"raw": "https://localhost:44378/api/usuarios/login?username=user123&password=12345",
							"protocol": "https",
							"host": [
								"localhost"
							],
							"port": "44378",
							"path": [
								"api",
								"usuarios",
								"login"
							],
							"query": [
								{
									"key": "username",
									"value": "user123"
								},
								{
									"key": "password",
									"value": "12345"
								}
							],
							"variable": []
						},
						"method": "POST",
						"header": [],
						"body": {
							"mode": "raw",
							"raw": ""
						},
						"description": ""
					},
					"response": []
				},
				{
					"name": "UsuarioObtenerIdByUsername",
					"request": {
						"url": "https://localhost:44378/api/usuarios/identificador/user123",
						"method": "GET",
						"header": [],
						"body": {},
						"description": ""
					},
					"response": []
				}
			]
		}
	]
}